Country;Year;Code;Share of one person households;GDP per Capita (current US$;Population;Marriage rate (per 1.000);Divorce rate (per 1.000)
Austria;2000;;0;;;;
Austria;2001;;0;;;;
Austria;2002;;0;;;;
Austria;2003;AUT;31,6;32294,0488606559;8121423,0;4,6;2,3
Austria;2004;AUT;34,1;36889,2335135194;8171966,0;4,7;2,4000001
Austria;2005;AUT;34,5;38417,4577857677;8227829,0;4,8;2,4000001
Austria;2006;AUT;34,7;40669,3269586152;8268641,0;4,5;2,5
Austria;2007;AUT;35;46915,3374004507;8295487,0;4,3;2,5
Austria;2008;AUT;35,3;51919,9835754226;8321496,0;4,2;2,4000001
Austria;2009;AUT;35,7;48153,3240199631;8343323,0;4,3;2,3
Austria;2010;AUT;36;46903,7615854343;8363404,0;4,5;2,0999999
Austria;2011;AUT;36,2;51442,2762464407;8391643,0;4,3;2,0999999
Austria;2012;AUT;36,5;48564,9173350875;8429991,0;4,6;2
Austria;2013;AUT;36,7;50731,1272541847;8479823,0;4,3;1,9
Austria;2014;AUT;37;51786,3771747905;8546356,0;4,4;1,9
Austria;2015;AUT;37,2;44195,8175947748;8642699,0;5,1;1,9
Austria;2016;AUT;37;45307,5878620429;8736668,0;5,1;1,8
Austria;2017;AUT;37;47429,1584564387;8797566,0;5,1;1,8
Austria;2018;AUT;37,2;51466,5565633634;8840521,0;;
Belgium;2000;;0;;;;
Belgium;2001;;0;;;;
Belgium;2002;;0;;;;
Belgium;2003;BEL;33;30655,2092679024;10376133,0;4;3
Belgium;2004;BEL;32,4;35429,4077933344;10421137,0;4,2;3
Belgium;2005;BEL;33,9;36809,7013403619;10478617,0;4,1;2,9000001
Belgium;2006;BEL;33,5;38705,1067959147;10547958,0;4,2;2,8
Belgium;2007;BEL;34,1;44319,165448813;10625700,0;4,3;2,8
Belgium;2008;BEL;34,8;48303,397956286;10709973,0;4,3;3,3
Belgium;2009;BEL;34,6;44760,2912443709;10796493,0;4;3
Belgium;2010;BEL;34,6;44184,946353964;10895586,0;3,9;2,7
Belgium;2011;BEL;34,9;47410,5669277464;11038264,0;3,7;2,5
Belgium;2012;BEL;34,9;44670,5606845101;11106932,0;3,8;2,3
Belgium;2013;BEL;34,5;46757,9518559598;11159407,0;3,4;2,2
Belgium;2014;BEL;34,3;47764,0715120833;11209057,0;3,6;2,2
Belgium;2015;BEL;34,6;41008,296719472;11274196,0;4;2,2
Belgium;2016;BEL;34,1;42012,6227191016;11331422,0;3,9;2,0999999
Belgium;2017;BEL;34;44198,4823908691;11375158,0;3,9;2
Belgium;2018;BEL;34,7;47544,9811472757;11427054,0;;
Bulgaria;2000;;0;;;;
Bulgaria;2001;;0;;;;
Bulgaria;2002;;0;;;;
Bulgaria;2003;;0;;;;
Bulgaria;2004;;0;;;;
Bulgaria;2005;BGR;18,6;3899,82596332878;7658972,0;4,4;1,9
Bulgaria;2006;BGR;18,6;4523,1465578805;7601022,0;4,3;2
Bulgaria;2007;BGR;21,1;5888,77685220636;7545338,0;3,9;2,2
Bulgaria;2008;BGR;18,4;7271,30338858025;7492561,0;3,7;1,9
Bulgaria;2009;BGR;19,1;6988,27316296465;7444443,0;3,5;1,6
Bulgaria;2010;BGR;19,4;6863,66706774052;7395599,0;3,3;1,5
Bulgaria;2011;BGR;19,9;7857,16706984441;7348328,0;2,9;1,4
Bulgaria;2012;BGR;21,6;7430,7373804242;7305888,0;2,9;1,6
Bulgaria;2013;BGR;22,4;7687,71368243317;7265115,0;3;1,5
Bulgaria;2014;BGR;24,2;7912,27484371138;7223938,0;3,4;1,5
Bulgaria;2015;BGR;28,9;7078,86032298969;7177991,0;3,9;1,5
Bulgaria;2016;BGR;30,6;7570,93165511708;7127822,0;3,8;1,5
Bulgaria;2017;BGR;31;8381,88134621669;7075947,0;4;1,5
Bulgaria;2018;BGR;33,3;9447,65589681469;7025037,0;;
Croatia;2000;;0;;;;
Croatia;2001;;0;;;;
Croatia;2002;;0;;;;
Croatia;2003;;0;;;;
Croatia;2004;;0;;;;
Croatia;2005;;0;;;;
Croatia;2006;;0;;;;
Croatia;2007;;0;;;;
Croatia;2008;;0;;;;
Croatia;2009;;0;;;;
Croatia;2010;HRV;24,6;13697,4521970764;4295427,0;5;1,2
Croatia;2011;HRV;24,6;14664,3690796915;4280622,0;4,7;1,3
Croatia;2012;HRV;24,6;13452,9759027717;4267558,0;4,8;1,3
Croatia;2013;HRV;24,6;14002,2381023542;4255689,0;4,5;1,4
Croatia;2014;HRV;24,6;14035,8597369389;4238389,0;4,6;1,4
Croatia;2015;HRV;24,6;12135,1036186683;4203604,0;4,7;1,4
Croatia;2016;HRV;24,6;12634,3195701712;4174349,0;4,9;1,7
Croatia;2017;HRV;24,3;13655,4798216229;4124531,0;4,9;1,5
Croatia;2018;HRV;24,4;15132,9554012394;4087843,0;;
Cyprus;2000;;0;;;;
Cyprus;2001;;0;;;;
Cyprus;2002;;0;;;;
Cyprus;2003;;0;;;;
Cyprus;2004;;0;;;;
Cyprus;2005;CYP;16;24959,259765625;1037062,0;8;2
Cyprus;2006;CYP;16;26729,32421875;1055438,0;7;2,3
Cyprus;2007;CYP;16;31244,92578125;1073873,0;8,3;2,0999999
Cyprus;2008;CYP;20,8;35397,36328125;1092390,0;7,8;2,0999999
Cyprus;2009;CYP;20,8;32236,53515625;1110974,0;7,8;2,2
Cyprus;2010;CYP;20,8;31105,02734375;1129686,0;7,3;2,3
Cyprus;2011;CYP;20,8;32485,802734375;1145086,0;7,3;2,3
Cyprus;2012;CYP;20,7;28991,9296875;1156556,0;6,7;2,4000001
Cyprus;2013;CYP;20,8;27797,453125;1166968,0;6,4;2,2
Cyprus;2014;CYP;20,8;27244,34375;1176995,0;6,3;2,2
Cyprus;2015;CYP;20,7;23487,21875;1187280,0;7,2;2,0999999
Cyprus;2016;CYP;20,8;24715,142578125;1197881,0;7,5;2,3
Cyprus;2017;CYP;20,8;26697,005859375;1208523,0;6,8;2,2
Cyprus;2018;CYP;20,8;29419,88671875;1218831,0;;
Czechia;2000;;0;;;;
Czechia;2001;;0;;;;
Czechia;2002;;0;;;;
Czechia;2003;;0;;;;
Czechia;2004;;0;;;;
Czechia;2005;CZE;22,8;13430,6698955613;10211216,0;5,1;3,0999999
Czechia;2006;CZE;23,7;15261,7975911138;10238905,0;5,2;3,0999999
Czechia;2007;CZE;23,8;18466,5479299216;10298828,0;5,5;3
Czechia;2008;CZE;24,8;22804,5776774507;10384603,0;5,1;3
Czechia;2009;CZE;24,5;19861,6974295256;10443936,0;4,6;2,8
Czechia;2010;CZE;23,5;19960,0684872157;10474410,0;4,5;2,9000001
Czechia;2011;CZE;23,7;21871,2660754128;10496088,0;4,3;2,7
Czechia;2012;CZE;27,2;19870,8012123403;10510785,0;4,3;2,5
Czechia;2013;CZE;27,8;20133,1691431353;10514272,0;4,1;2,7
Czechia;2014;CZE;27,9;19890,9199056648;10525347,0;4,3;2,5
Czechia;2015;CZE;27,9;17829,6983223668;10546059,0;4,6;2,5
Czechia;2016;CZE;28,4;18575,2320271915;10566332,0;4,8;2,4000001
Czechia;2017;CZE;28,3;20636,199952435;10594438,0;5;2,4000001
Czechia;2018;CZE;28,7;23424,4804601855;10629928,0;;
Denmark;2000;;0;;;;
Denmark;2001;;0;;;;
Denmark;2002;;0;;;;
Denmark;2003;DNK;43,8;40458,7773986609;5390574,0;6,5;2,9000001
Denmark;2004;DNK;43,5;46511,5983324305;5404523,0;7;2,9000001
Denmark;2005;DNK;43,7;48799,8256011275;5419432,0;6,7;2,8
Denmark;2006;DNK;43,9;52026,9995142723;5437272,0;6,7;2,5999999
Denmark;2007;DNK;44,3;58487,0549677696;5461438,0;6,7;2,5999999
Denmark;2008;DNK;45,8;64322,0635020842;5493621,0;6,8;2,7
Denmark;2009;DNK;46,1;58163,2768762815;5523095,0;6;2,7
Denmark;2010;DNK;46,2;58041,3984363385;5547683,0;5,6;2,5999999
Denmark;2011;DNK;44;61753,647131977;5570572,0;4,9;2,5999999
Denmark;2012;DNK;44,2;58507,5080517852;5591572,0;5,1;2,8
Denmark;2013;DNK;45,1;61191,1937042028;5614932,0;4,9;3,4000001
Denmark;2014;DNK;45;62548,9847332908;5643475,0;5;3,4000001
Denmark;2015;DNK;45;53254,8563700916;5683483,0;5,1;2,9000001
Denmark;2016;DNK;44,8;54663,9983719195;5728010,0;5,4;3
Denmark;2017;DNK;43,4;57610,0981801135;5764980,0;5,5;2,5999999
Denmark;2018;DNK;44,1;61591,9288698958;5793636,0;;
Estonia;2000;;0;;;;
Estonia;2001;;0;;;;
Estonia;2002;;0;;;;
Estonia;2003;;0;;;;
Estonia;2004;EST;32;8914,10355674451;1362550,0;4,4;3,0999999
Estonia;2005;EST;31,1;10412,6443137966;1354775,0;4,5;3
Estonia;2006;EST;33,2;12639,4000677296;1346810,0;5,2;2,8
Estonia;2007;EST;33,6;16744,5844516343;1340680,0;5,2;2,8
Estonia;2008;EST;34,4;18204,9664786762;1337090,0;4,6;2,5999999
Estonia;2009;EST;34,2;14711,7352728223;1334515,0;4;2,4000001
Estonia;2010;EST;34,5;14663,0446126465;1331475,0;3,8;2,2
Estonia;2011;EST;34,9;17487,8047830922;1327439,0;4,1;2,3
Estonia;2012;EST;36;17403,2053254767;1322696,0;4,5;2,4000001
Estonia;2013;EST;36;19056,0019226989;1317997,0;4,3;2,5
Estonia;2014;EST;36;20261,0667303886;1314545,0;4,7;2,4000001
Estonia;2015;EST;36,3;17402,0376128079;1315407,0;5,2;2,5999999
Estonia;2016;EST;38;18295,3429322114;1315790,0;4,8;2,5
Estonia;2017;EST;39,7;20437,765376736;1317384,0;4,9;2,5
Estonia;2018;EST;40,3;23165,8494786437;1321977,0;;
Finland;2000;;0;;;;
Finland;2001;;0;;;;
Finland;2002;;0;;;;
Finland;2003;;0;;;;
Finland;2004;FIN;37,9;37772,1781110398;5228172,0;5,6;2,5
Finland;2005;FIN;38,3;39054,8504423825;5246096,0;5,6;2,5999999
Finland;2006;FIN;38,5;41222,6020004611;5266268,0;5,4;2,5
Finland;2007;FIN;38,5;48476,3927287052;5288720,0;5,6;2,5
Finland;2008;FIN;39,2;53772,7942390019;5313399,0;5,8;2,5
Finland;2009;FIN;39,8;47481,4845364339;5338871,0;5,6;2,5
Finland;2010;FIN;39,5;46505,3031791811;5363352,0;5,6;2,5
Finland;2011;FIN;40,1;51148,9316365833;5388272,0;5,3;2,5
Finland;2012;FIN;40,2;47708,0612784469;5413971,0;5,3;2,4000001
Finland;2013;FIN;40,3;49892,2233632732;5438972,0;4,6;2,5
Finland;2014;FIN;40,8;50327,2402902632;5461512,0;4,5;2,5
Finland;2015;FIN;40,9;42801,9081167285;5479531,0;4,5;2,5
Finland;2016;FIN;41,3;43814,0265056965;5495303,0;4,5;2,5
Finland;2017;FIN;41,6;46412,1364777169;5508214,0;4,8;2,4000001
Finland;2018;FIN;43;49987,6261584968;5515525,0;;
France;2000;;0;;;;
France;2001;;0;;;;
France;2002;;0;;;;
France;2003;;0;;;;
France;2004;FRA;32,8;33797,1624418436;62716306,0;4,5;2,2
France;2005;FRA;31,4;34768,1759037525;63188395,0;4,5;2,5
France;2006;FRA;31,2;36470,2128399313;63628261,0;4,3;2,2
France;2007;FRA;33,9;41557,6235648179;64021737,0;4,3;2,0999999
France;2008;FRA;34,6;45515,9617533473;64379696,0;4,1;2,0999999
France;2009;FRA;34,4;41737,7635518137;64710879,0;3,9;2
France;2010;FRA;35,3;40676,0647913181;65030575,0;3,9;2,0999999
France;2011;FRA;34,2;43846,4660764798;65345233,0;3,6;2
France;2012;FRA;34,7;40870,8523645734;65662240,0;3,7;2
France;2013;FRA;35,2;42602,7179652667;66002289,0;3,6;1,9
France;2014;FRA;35,4;43068,5487241739;66312067,0;3,6;1,9
France;2015;FRA;35,9;36652,9223052178;66548272,0;3,6;1,9
France;2016;FRA;35,7;37062,5335723829;66724104,0;3,5;1,9
France;2017;FRA;36;38781,0494870836;66918020,0;3,5;
France;2018;FRA;36,2;41557,8548588876;67158348,0;;
Germany;2000;;0;;;;
Germany;2001;;0;;;;
Germany;2002;;0;;;;
Germany;2003;;0;;;;
Germany;2004;;0;;;;
Germany;2005;DEU;37,1;34520,2396492496;82469422,0;4,7;2,4000001
Germany;2006;DEU;38,1;36353,8803343631;82376451,0;4,5;2,3
Germany;2007;DEU;38,4;41640,0808695147;82266372,0;4,5;2,3
Germany;2008;DEU;39,1;45612,7106221441;82110097,0;4,6;2,3
Germany;2009;DEU;39,5;41650,3678297162;81902307,0;4,6;2,3
Germany;2010;DEU;39,8;41572,4559481507;81776930,0;4,7;2,3
Germany;2011;DEU;40,1;46705,8957963353;80274983,0;4,6;2,3
Germany;2012;DEU;40,2;43855,8544658618;80425823,0;4,8;2,2
Germany;2013;DEU;40,2;46298,9229177341;80645605,0;4,6;2,0999999
Germany;2014;DEU;40,5;48023,8699845462;80982500,0;4,8;2,0999999
Germany;2015;DEU;41,2;41103,2564363768;81686611,0;4,9;2
Germany;2016;DEU;40,8;42136,1207907991;82348669,0;5;2
Germany;2017;DEU;41,5;44652,5891722719;82657002,0;4,9;1,9
Germany;2018;DEU;41,7;47939,2782884504;82905782,0;;
Greece;2000;;0;;;;
Greece;2001;;0;;;;
Greece;2002;;0;;;;
Greece;2003;GRC;19,7;18518,3788387396;10928070,0;5,5;1,1
Greece;2004;GRC;19,7;21995,477943746;10955141,0;4,6;1,1
Greece;2005;GRC;19,8;22560,1472939077;10987314,0;5,5;1,2
Greece;2006;GRC;19,8;24821,9367451879;11020362,0;5,2;1,2
Greece;2007;GRC;20;28863,9732885018;11048473,0;5,5;1,2
Greece;2008;GRC;20,1;32127,9831943287;11077841,0;4,8;1,2
Greece;2009;GRC;20,2;29828,7560245271;11107017,0;5,3;1,2
Greece;2010;GRC;20,3;26716,6488260274;11121341,0;5,1;1,2
Greece;2011;GRC;20,4;25483,8825644931;11104899,0;5;1,1
Greece;2012;GRC;20,6;21912,9982879517;11045011,0;4,5;1,3
Greece;2013;GRC;25,7;21787,7877636035;10965211,0;4,7;1,5
Greece;2014;GRC;25,7;21616,7100094908;10892413,0;4,9;1,3
Greece;2015;GRC;25,7;18083,8779056547;10820883,0;5;1,4
Greece;2016;GRC;25,7;17923,9668134716;10775971,0;4,6;1
Greece;2017;GRC;25,7;18582,0893411631;10754679,0;4,7;1,8
Greece;2018;GRC;25,7;19756,990456255;10732882,0;;
Hungary;2000;;0;;;;
Hungary;2001;;0;;;;
Hungary;2002;;0;;;;
Hungary;2003;;0;;;;
Hungary;2004;;0;;;;
Hungary;2005;HUN;29;11223,3993032598;10087065,0;4,4;2,5
Hungary;2006;HUN;24,7;11489,5608654088;10071370,0;4,4;2,5
Hungary;2007;HUN;24,4;13940,9092761999;10055780,0;4,1;2,5
Hungary;2008;HUN;24,1;15772,3300839383;10038188,0;4;2,5
Hungary;2009;HUN;24,1;13077,305465178;10022650,0;3,7;2,4000001
Hungary;2010;HUN;23,9;13217,5045951108;10000023,0;3,6;2,4000001
Hungary;2011;HUN;29,9;14234,471576937;9971727,0;3,6;2,3
Hungary;2012;HUN;31;12984,8365730133;9920362,0;3,6;2,2
Hungary;2013;HUN;32;13715,0703590361;9893082,0;3,7;2
Hungary;2014;HUN;32,3;14294,2584180751;9866468,0;3,9;2
Hungary;2015;HUN;33;12717,038597002;9843028,0;4,7;2,0999999
Hungary;2016;HUN;33,8;13104,6995457458;9814023,0;5,3;2
Hungary;2017;HUN;33,8;14621,2395956755;9787966,0;5,2;1,9
Hungary;2018;HUN;33,2;16425,2050299693;9775564,0;;
Italy;2000;;0;;;;
Italy;2001;;0;;;;
Italy;2002;;0;;;;
Italy;2003;;0;;;;
Italy;2004;ITA;26,8;31317,2007943296;57685327,0;4,3;0,80000001
Italy;2005;ITA;27,5;32055,0920757503;57969484,0;4,3;0,80000001
Italy;2006;ITA;27,9;33529,7266014361;58143979,0;4,2;0,89999998
Italy;2007;ITA;28,7;37870,7475070969;58438310,0;4,3;0,89999998
Italy;2008;ITA;29,3;40944,9124194678;58826731,0;4,2;0,89999998
Italy;2009;ITA;29,8;37226,7571935402;59095365,0;3,9;0,89999998
Italy;2010;ITA;30,3;36035,6449950691;59277417,0;3,7;0,89999998
Italy;2011;ITA;30,3;38649,6394836789;59379449,0;3,4;0,89999998
Italy;2012;ITA;31,6;35051,5212697703;59539717,0;3,5;0,89999998
Italy;2013;ITA;32,5;35560,0814062288;60233948,0;3,2;0,89999998
Italy;2014;ITA;32,9;35565,7213771496;60789140,0;3,1;0,89999998
Italy;2015;ITA;32,1;30242,3861352184;60730582,0;3,2;1,4
Italy;2016;ITA;32,4;30960,7315088902;60627498,0;3,4;1,6
Italy;2017;ITA;32,3;32406,7203150134;60536709,0;3,2;1,5
Italy;2018;ITA;32,6;34622,1696664741;60421760,0;;
Latvia;2000;;0;;;;
Latvia;2001;;0;;;;
Latvia;2002;;0;;;;
Latvia;2003;;0;;;;
Latvia;2004;;0;;;;
Latvia;2005;LVA;25,3;7594,90238431362;2238799,0;5,6;2,8
Latvia;2006;LVA;25,3;9723,44690174779;2218357,0;6,6;3,3
Latvia;2007;LVA;26,6;14113,5291277327;2200325,0;7;3,4000001
Latvia;2008;LVA;28,4;16467,1436879405;2177322,0;5,9;2,9000001
Latvia;2009;LVA;29,7;12331,9285524089;2141669,0;4,6;2,4000001
Latvia;2010;LVA;29,3;11420,9940032836;2097555,0;4,4;2,4000001
Latvia;2011;LVA;30,9;13338,9622350852;2059709,0;5,2;4
Latvia;2012;LVA;30,7;13847,3379393194;2034319,0;5,5;3,5999999
Latvia;2013;LVA;30,4;15007,4918561719;2012647,0;5,7;3,5
Latvia;2014;LVA;32,3;15742,3913381908;1993782,0;6,3;3,0999999
Latvia;2015;LVA;31;13786,4567953114;1977527,0;6,9;2,5999999
Latvia;2016;LVA;31;14331,7515885049;1959537,0;6,6;3,0999999
Latvia;2017;LVA;33;15695,1151541059;1942248,0;6,8;3,0999999
Latvia;2018;LVA;35;17865,0310947642;1927174,0;;
Lithuania;2000;;0;;;;
Lithuania;2001;;0;;;;
Lithuania;2002;;0;;;;
Lithuania;2003;;0;;;;
Lithuania;2004;;0;;;;
Lithuania;2005;LTU;28,4;7854,76527867855;3322528,0;6;3,3
Lithuania;2006;LTU;28,1;9230,70798102521;3269909,0;6,5;3,4000001
Lithuania;2007;LTU;27;12285,4470537014;3231294,0;7,1;3,5
Lithuania;2008;LTU;30;14944,996652175;3198231,0;7,5;3,2
Lithuania;2009;LTU;30,4;11820,7761591359;3162916,0;6,5;2,9000001
Lithuania;2010;LTU;32,7;11987,508411647;3097282,0;6;3,2
Lithuania;2011;LTU;34,2;14376,9478643932;3028115,0;6,3;3,4000001
Lithuania;2012;LTU;35,2;14367,709424872;2987773,0;6,9;3,5
Lithuania;2013;LTU;36,6;15729,6524666512;2957689,0;6,9;3,4000001
Lithuania;2014;LTU;36;16551,018202078;2932367,0;7,6;3,3
Lithuania;2015;LTU;37,7;14263,9645773495;2904910,0;7,6;3,2
Lithuania;2016;LTU;38,7;15008,3132445526;2868231,0;7,4;3,0999999
Lithuania;2017;LTU;38,7;16885,4073948373;2828403,0;7,5;3
Lithuania;2018;LTU;37,7;19186,359591641;2801543,0;;
Luxembourg;2000;;0;;;;
Luxembourg;2001;;0;;;;
Luxembourg;2002;;0;;;;
Luxembourg;2003;LUX;29,3;65689,3214536911;451630,0;4,4;2,3
Luxembourg;2004;LUX;29,3;76544,9170868473;458095,0;4,4;2,3
Luxembourg;2005;LUX;29,3;80988,1376230858;465158,0;4,4;2,2
Luxembourg;2006;LUX;28,9;90788,8004876145;472637,0;4,1;2,5
Luxembourg;2007;LUX;28,9;107475,320297978;479993,0;4,1;2,3
Luxembourg;2008;LUX;28,9;120422,137934157;488650,0;3,9;2
Luxembourg;2009;LUX;28,9;109419,746953106;497783,0;3,5;2,0999999
Luxembourg;2010;LUX;28,9;110885,991378721;506953,0;3,5;2,0999999
Luxembourg;2011;LUX;28,9;119025,057203467;518347,0;3,3;2,3
Luxembourg;2012;LUX;33,3;112584,676270958;530946,0;3,4;2
Luxembourg;2013;LUX;32,9;120000,140729859;543360,0;3,2;2,0999999
Luxembourg;2014;LUX;33,3;123678,702143275;556319,0;3;2,5999999
Luxembourg;2015;LUX;33;105462,012584423;569604,0;3,6;2,4000001
Luxembourg;2016;LUX;27,6;106899,293549552;582014,0;3,2;2,0999999
Luxembourg;2017;LUX;25,7;110193,213797228;596336,0;3,2;2
Luxembourg;2018;LUX;33,6;116786,511654677;607950,0;;
Malta;2000;;0;;;;
Malta;2001;;0;;;;
Malta;2002;;0;;;;
Malta;2003;;0;;;;
Malta;2004;;0;;;;
Malta;2005;MLT;18,6;15888,1724565995;403834,0;5,9;
Malta;2006;MLT;18,9;16723,8842735356;405308,0;6,3;
Malta;2007;MLT;19,6;19485,8711529324;406724,0;6,1;
Malta;2008;MLT;20,2;22205,3567709304;409379,0;6,1;
Malta;2009;MLT;20,9;21083,2770528363;412477,0;5,7;
Malta;2010;MLT;21,5;21798,9142935915;414508,0;6,3;
Malta;2011;MLT;22,1;23155,103527089;416268,0;6,2;0,1
Malta;2012;MLT;22,6;22526,5370208632;420028,0;6,7;1,1
Malta;2013;MLT;23,4;24769,5962287121;425967,0;6,1;0,80000001
Malta;2014;MLT;24,2;26753,2733830814;434558,0;6,6;0,69999999
Malta;2015;MLT;25,2;24921,7141769982;445053,0;6,7;0,80000001
Malta;2016;MLT;25,8;25623,9416320597;455356,0;6,7;0,80000001
Malta;2017;MLT;26,3;28813,1853396512;467999,0;6,3;0,69999999
Malta;2018;MLT;26,9;31785,8848300917;484630,0;;
Netherlands;2000;;0;;;;
Netherlands;2001;;0;;;;
Netherlands;2002;;0;;;;
Netherlands;2003;;0;;;;
Netherlands;2004;;0;;;;
Netherlands;2005;NLD;34,6;41994,7135305232;16319868,0;4,4;2
Netherlands;2006;NLD;35;44900,9381441374;16346101,0;4,4;1,9
Netherlands;2007;NLD;35,2;51799,2085521047;16381696,0;4,3;2
Netherlands;2008;NLD;35,5;57879,9437553916;16445593,0;4,5;2
Netherlands;2009;NLD;35,8;52722,2130568997;16530388,0;4,4;1,9
Netherlands;2010;NLD;36,1;50999,7451168879;16615394,0;4,5;2
Netherlands;2011;NLD;36,4;54230,3129029852;16693074,0;4,3;2
Netherlands;2012;NLD;36,7;50070,1416045904;16754962,0;4,2;2,0999999
Netherlands;2013;NLD;37;52198,8975607454;16804432,0;3,8;2
Netherlands;2014;NLD;36,9;52900,537415323;16865008,0;3,9;2,0999999
Netherlands;2015;NLD;37,4;45193,4032187971;16939923,0;3,8;2
Netherlands;2016;NLD;37,8;46039,1059284098;17030314,0;3,8;2
Netherlands;2017;NLD;38,1;48675,2223350213;17131296,0;3,8;1,9
Netherlands;2018;NLD;38,3;53044,5324352253;17231624,0;;
Norway;2000;;0;;;;
Norway;2001;;0;;;;
Norway;2002;;0;;;;
Norway;2003;NOR;40,3;50250,3298214345;4564855,0;4,9;2,4000001
Norway;2004;NOR;41,1;57768,6980958462;4591910,0;4,1;2,4000001
Norway;2005;NOR;40,9;67047,1704558264;4623291,0;4,8;2,4000001
Norway;2006;NOR;43,3;74434,4996835671;4660677,0;4,7;2,3
Norway;2007;NOR;43,1;85502,2677087731;4709153,0;5;2,2
Norway;2008;NOR;41,1;97503,5407803783;4768212,0;5,3;2,0999999
Norway;2009;NOR;40,9;80347,5700665184;4828726,0;5;2,0999999
Norway;2010;NOR;41,1;88163,2085931423;4889252,0;4,8;2,0999999
Norway;2011;NOR;41,5;101221,813476644;4953088,0;4,6;2,0999999
Norway;2012;NOR;41,2;102175,919298374;5018573,0;4,8;2
Norway;2013;NOR;41,3;103553,840134417;5079623,0;4,7;2
Norway;2014;NOR;40,6;97666,6951838749;5137232,0;4,6;1,9
Norway;2015;NOR;44,3;74809,9658049898;5188607,0;4,5;1,9
Norway;2016;NOR;44,8;70867,3609970749;5234519,0;4,5;1,9
Norway;2017;NOR;47;76131,8384032764;5276968,0;4,4;2
Norway;2018;NOR;45,8;82792,8427113304;5311916,0;;
Poland;2000;;0;;;;
Poland;2001;;0;;;;
Poland;2002;;0;;;;
Poland;2003;;0;;;;
Poland;2004;;0;;;;
Poland;2005;POL;25,2;8021,54789037388;38165445,0;5,4;1,8
Poland;2006;POL;25,1;9035,53275810927;38141267,0;5,9;1,9
Poland;2007;POL;25,2;11254,3140875349;38120560,0;6,5;1,7
Poland;2008;POL;25,3;13995,7811598115;38125759,0;6,8;1,7
Poland;2009;POL;25,3;11525,9007370991;38151603,0;6,6;1,7
Poland;2010;POL;25,2;12504,2501856093;38042794,0;6;1,6
Poland;2011;POL;25,2;13776,3883624327;38063255,0;5,4;1,7
Poland;2012;POL;24,4;13010,7555868425;38063164,0;5,4;1,7
Poland;2013;POL;24,3;13558,3411314221;38040196,0;4,7;1,7
Poland;2014;POL;24,4;14181,9486817352;38011735,0;5;1,7
Poland;2015;POL;24,7;12560,051419682;37986412,0;5;1,8
Poland;2016;POL;24,8;12378,8128106111;37970087,0;5,1;1,7
Poland;2017;POL;24,9;13815,501164767;37974826,0;5,1;1,7
Poland;2018;POL;25;15504,5075062692;37974750,0;;
Portugal;2000;;0;;;;
Portugal;2001;;0;;;;
Portugal;2002;;0;;;;
Portugal;2003;;0;;;;
Portugal;2004;PRT;16,6;18064,1580932987;10483861,0;4,7;2,2
Portugal;2005;PRT;16,6;18780,12751241;10503330,0;4,6;2,2
Portugal;2006;PRT;16,7;19839,4540499032;10522288,0;4,5;2,3
Portugal;2007;PRT;17;22811,0564844365;10542964,0;4,4;2,4000001
Portugal;2008;PRT;17,6;24949,0413566739;10558177,0;4,1;2,5
Portugal;2009;PRT;17,5;23151,2154130712;10568247,0;3,8;2,5
Portugal;2010;PRT;17,7;22520,6423124045;10573100,0;3,8;2,5999999
Portugal;2011;PRT;19,1;23217,2954965207;10557560,0;3,4;2,5
Portugal;2012;PRT;19,3;20563,7136012629;10514844,0;3,3;2,4000001
Portugal;2013;PRT;20;21653,1959752225;10457295,0;3,1;2,2
Portugal;2014;PRT;21,4;22103,7009703321;10401062,0;3;2,0999999
Portugal;2015;PRT;21,8;19250,1065376852;10358076,0;3,1;2,3
Portugal;2016;PRT;21,8;19991,9724878805;10325452,0;3,1;2,2
Portugal;2017;PRT;22,4;21490,429863104;10300300,0;3,3;2,0999999
Portugal;2018;PRT;23,1;23562,5545228191;10283822,0;;
Romania;2000;;0;;;;
Romania;2001;;0;;;;
Romania;2002;;0;;;;
Romania;2003;;0;;;;
Romania;2004;;0;;;;
Romania;2005;;0;;;;
Romania;2006;;0;;;;
Romania;2007;ROU;23,3;8360,33775916596;20882982,0;9,1;1,7
Romania;2008;ROU;23,4;10435,2179803541;20537875,0;7,3;1,7
Romania;2009;ROU;24,3;8548,04859012993;20367487,0;6,6;1,6
Romania;2010;ROU;23,9;8397,80917311457;20246871,0;5,7;1,6
Romania;2011;ROU;24,8;9560,15942530942;20147528,0;5,2;1,8
Romania;2012;ROU;25,2;8930,72991164974;20058035,0;5,4;1,6
Romania;2013;ROU;26;9497,20647561211;19983693,0;5,4;1,4
Romania;2014;ROU;26,8;10031,3421526698;19908979,0;5,9;1,4
Romania;2015;ROU;28;8976,9544892648;19815616,0;6,3;1,6
Romania;2016;ROU;29,3;9404,38125929526;19702267,0;6,8;1,5
Romania;2017;ROU;29,1;10727,9708633184;19588715,0;7,3;1,6
Romania;2018;ROU;29,2;12494,4235789649;19473970,0;;
Serbia;2000;;0;;;;
Serbia;2001;;0;;;;
Serbia;2002;;0;;;;
Serbia;2003;;0;;;;
Serbia;2004;;0;;;;
Serbia;2005;;0;;;;
Serbia;2006;;0;;;;
Serbia;2007;;0;;;;
Serbia;2008;;0;;;;
Serbia;2009;;0;;;;
Serbia;2010;;0;;;;
Serbia;2011;;0;;;;
Serbia;2012;;0;;;;
Serbia;2013;SRB;22,2;6755,07367461629;7164132,0;5,1;1,1
Serbia;2014;SRB;22,3;6600,05621129155;7130576,0;5,1;1,1
Serbia;2015;SRB;22,3;5588,9794435877;7095383,0;5,2;1,3
Serbia;2016;SRB;22,3;5765,20335248009;7058322,0;5,1;1,3
Serbia;2017;SRB;22,4;6292,5465490011;7020858,0;5,1;1,3
Serbia;2018;SRB;22,3;7252,40366767165;6982604,0;;
Slovenia;2000;;0;;;;
Slovenia;2001;;0;;;;
Slovenia;2002;;0;;;;
Slovenia;2003;;0;;;;
Slovenia;2004;;0;;;;
Slovenia;2005;SVN;21,3;18098,9085440003;2000474,0;2,9;1,3
Slovenia;2006;SVN;20,4;19672,9655554146;2006868,0;3,2;1,2
Slovenia;2007;SVN;20,8;23817,8867320201;2018122,0;3,2;1,3
Slovenia;2008;SVN;20,8;27595,5999653992;2021316,0;3,3;1,1
Slovenia;2009;SVN;20,8;24792,1279805504;2039669,0;3,2;1,1
Slovenia;2010;SVN;27;23532,4808545468;2048583,0;3,2;1,2
Slovenia;2011;SVN;27,6;25128,0150431304;2052843,0;3,2;1,1
Slovenia;2012;SVN;28,9;22641,805122503;2057159,0;3,4;1,2
Slovenia;2013;SVN;29,7;23503,2824850255;2059953,0;3;1,1
Slovenia;2014;SVN;29,2;24247,1733184083;2061980,0;3,2;1,2
Slovenia;2015;SVN;29,3;20890,1664304173;2063531,0;3,1;1,2
Slovenia;2016;SVN;30,3;21678,3594670629;2065042,0;3,2;1,2
Slovenia;2017;SVN;29,7;23514,0254604147;2066388,0;3,1;1,2
Slovenia;2018;SVN;29,6;26123,7471277911;2073894,0;;
Spain;2000;;0;;;;
Spain;2001;;0;;;;
Spain;2002;;0;;;;
Spain;2003;;0;;;;
Spain;2004;ESP;23,2;24907,0008505856;42921895,0;5;1,2
Spain;2005;ESP;21,7;26429,1509449319;43653155,0;4,7;1,7
Spain;2006;ESP;22;28389,0785799873;44397319,0;4,5;2,9000001
Spain;2007;ESP;22;32591,3503065871;45226803,0;4,4;2,8
Spain;2008;ESP;22,2;35510,7222312701;45954106,0;4,2;2,4000001
Spain;2009;ESP;22,4;32169,5028548583;46362946,0;3,7;2,0999999
Spain;2010;ESP;22,6;30532,4805081656;46576897,0;3,6;2,2
Spain;2011;ESP;22,9;31677,9003083652;46742697,0;3,4;2,2
Spain;2012;ESP;23,2;28322,9465923276;46773055,0;3,5;2,2
Spain;2013;ESP;23,5;29077,1820557563;46620045,0;3,3;2
Spain;2014;ESP;24,6;29513,6511800405;46480882,0;3,4;2,2
Spain;2015;ESP;25,2;25754,36102944;46444832,0;3,6;2,0999999
Spain;2016;ESP;25,4;26537,1594894542;46484062,0;3,7;2,0999999
Spain;2017;ESP;25,6;28185,3213671969;46593236,0;3,7;2,0999999
Spain;2018;ESP;25,5;30379,7211126422;46797754,0;;
Sweden;2000;;0;;;;
Sweden;2001;;0;;;;
Sweden;2002;;0;;;;
Sweden;2003;;0;;;;
Sweden;2004;SWE;41,7;42821,6731423358;8993531,0;4,8;2,2
Sweden;2005;SWE;41,8;43437,0631164776;9029572,0;4,9;2,2
Sweden;2006;SWE;41,3;46593,6021646111;9080505,0;5;2,2
Sweden;2007;SWE;39,5;53700,0053363063;9148092,0;;2,3
Sweden;2008;SWE;40,2;56152,552340314;9219637,0;5,5;2,3
Sweden;2009;SWE;43,4;46946,9602719954;9298515,0;5,1;2,4000001
Sweden;2010;SWE;41,1;52869,0442891587;9378126,0;5,3;2,5
Sweden;2011;SWE;40,7;60755,7595508465;9449213,0;5;2,5
Sweden;2012;SWE;40,8;58037,8213192173;9519374,0;5,3;2,5
Sweden;2013;SWE;41,8;61126,9431963979;9600379,0;5,4;2,8
Sweden;2014;SWE;41,7;60020,3604576572;9696110,0;5,5;2,7
Sweden;2015;SWE;41,6;51545,4836095322;9799186,0;5,3;2,5
Sweden;2016;SWE;41,9;51965,1571531985;9923085,0;5,4;2,4000001
Sweden;2017;SWE;41,2;53791,5087298403;10057698,0;5,2;2,4000001
Sweden;2018;SWE;42,5;54589,0603860606;10175214,0;;
Switzerland;2000;;0;;;;
Switzerland;2001;;0;;;;
Switzerland;2002;;0;;;;
Switzerland;2003;;0;;;;
Switzerland;2004;;0;;;;
Switzerland;2005;;0;;;;
Switzerland;2006;;0;;;;
Switzerland;2007;CHE;31,2;64989,1553256031;7551117,0;5,3;2,5999999
Switzerland;2008;CHE;31,1;74175,1927898555;7647675,0;5,4;2,5999999
Switzerland;2009;CHE;31,9;71568,3123885672;7743831,0;5,4;2,5
Switzerland;2010;CHE;31,3;76531,3729407691;7824909,0;5,5;2,8
Switzerland;2011;CHE;32,3;90476,7589651577;7912398,0;5,3;2,2
Switzerland;2012;CHE;31,9;85836,2076767359;7996861,0;5,3;2,2
Switzerland;2013;CHE;31,7;87304,3305813557;8089346,0;4,9;2,0999999
Switzerland;2014;CHE;36,5;88724,9909402638;8188649,0;5,1;2
Switzerland;2015;CHE;37,5;83806,4476003837;8282396,0;5;2,0999999
Switzerland;2016;CHE;37,8;82153,0745447889;8373338,0;5;2
Switzerland;2017;CHE;37,9;82254,3769269767;8451840,0;4,8;1,9
Switzerland;2018;CHE;38,1;85217,3691512274;8514329,0;;
United States;2000;USA;25,52313614;36329,9702595751;282162411,0;8,300000191;4,0999999
United States;2001;USA;26,06714821;37133,6203973517;284968955,0;8,199999809;4
United States;2002;USA;26,3273468;37997,7424300242;287625193,0;7,800000191;3,9000001
United States;2003;USA;26,44817543;39490,3023903176;290107933,0;7,699999809;3,8
United States;2004;USA;26,41607094;41724,6411982614;292805298,0;7,800000191;3,7
United States;2005;USA;26,58920288;44123,3996470026;295516599,0;7,599999905;3,5999999
United States;2006;USA;26,62347794;46301,9876485519;298379912,0;7,5;3,7
United States;2007;USA;26,83538628;48050,227412195;301231207,0;7,300000191;3,5999999
United States;2008;USA;27,54424858;48570,0594269601;304093966,0;7,099999905;3,5
United States;2009;USA;27,01547241;47194,9500893872;306771529,0;6,800000191;3,5
United States;2010;USA;26,71391296;48650,6643227232;309327143,0;6,800000191;3,5999999
United States;2011;USA;27,53341675;50065,9789470675;311583481,0;6,800000191;3,5999999
United States;2012;USA;27,40907097;51784,4114692048;313877662,0;6,800000191;3,4000001
United States;2013;USA;27,4132576;53409,7507774372;316059947,0;6,800000191;3,3
United States;2014;USA;27,74103546;55304,3155317137;318386329,0;6,900000095;3,2
United States;2015;USA;27,98526382;57040,2082136605;320738994,0;6,900000095;3,0999999
United States;2016;USA;28,12611771;58206,6141931844;323071755,0;7;3
United States;2017;USA;27,92812729;60322,2614241747;325122128,0;6,900000095;2,9000001
United States;2018;USA;28,01247787;63201,0458483771;326838199,0;6,5;2,9000001